cipher,number_transactions,mean,std
dilithium,1000,7218.014658045769,1409.2654596188156
dilithium,500,1953.760999917984,
rsa,1000,2625.9294650316237,425.6320986956251
rsa,500,,
ecc,1000,3380.3101789951324,574.9179354864576
ecc,500,,
